item_id,product_name,category,date,quantity,month,year,day_of_week,is_weekend,season
92,"Sepatu Bola Ortus",Sepatu,2024-10-09,1,10,2024,3,0,autumn
93,"Kaos Kaki Avo",Aksesoris,2024-10-09,3,10,2024,3,0,autumn
97,"Sepatu Futsal LS Reborn",Sepatu,2024-10-09,1,10,2024,3,0,autumn
94,"Jersey Mills",Pakaian,2024-10-10,2,10,2024,4,0,autumn
95,"Tali Sepatu KipzKapz",Aksesoris,2024-10-10,2,10,2024,4,0,autumn
107,"Handuk Mikrofiber Nabaiji",Aksesoris,2024-10-10,1,10,2024,4,0,autumn
93,"Kaos Kaki Avo",Aksesoris,2024-10-11,5,10,2024,5,0,autumn
98,"Sepatu Lari Mills",Sepatu,2024-10-11,1,10,2024,5,0,autumn
92,"Sepatu Bola Ortus",Sepatu,2024-10-12,1,10,2024,6,1,autumn
94,"Jersey Mills",Pakaian,2024-10-12,1,10,2024,6,1,autumn
97,"Sepatu Futsal LS Reborn",Sepatu,2024-10-12,1,10,2024,6,1,autumn
93,"Kaos Kaki Avo",Aksesoris,2024-10-12,2,10,2024,6,1,autumn
108,"Pompa Bola Tiento",Peralatan,2024-10-12,1,10,2024,6,1,autumn
95,"Tali Sepatu KipzKapz",Aksesoris,2024-10-12,3,10,2024,6,1,autumn
94,"Jersey Mills",Pakaian,2024-10-13,1,10,2024,0,1,autumn
98,"Sepatu Lari Mills",Sepatu,2024-10-13,1,10,2024,0,1,autumn
93,"Kaos Kaki Avo",Aksesoris,2024-10-13,4,10,2024,0,1,autumn
92,"Sepatu Bola Ortus",Sepatu,2024-10-13,1,10,2024,0,1,autumn
97,"Sepatu Futsal LS Reborn",Sepatu,2024-10-14,1,10,2024,1,0,autumn
95,"Tali Sepatu KipzKapz",Aksesoris,2024-10-14,2,10,2024,1,0,autumn
96,"Bola Futsal Specs Mador",Peralatan,2024-10-14,1,10,2024,1,0,autumn
93,"Kaos Kaki Avo",Aksesoris,2024-10-15,2,10,2024,2,0,autumn
94,"Jersey Mills",Pakaian,2024-10-15,1,10,2024,2,0,autumn
92,"Sepatu Bola Ortus",Sepatu,2024-10-15,1,10,2024,2,0,autumn
98,"Sepatu Lari Mills",Sepatu,2024-10-16,1,10,2024,3,0,autumn
95,"Tali Sepatu KipzKapz",Aksesoris,2024-10-16,1,10,2024,3,0,autumn
99,"Topi Lari Adidas Aeroready",Aksesoris,2024-10-16,1,10,2024,3,0,autumn
93,"Kaos Kaki Avo",Aksesoris,2024-10-17,3,10,2024,4,0,autumn
97,"Sepatu Futsal LS Reborn",Sepatu,2024-10-17,1,10,2024,4,0,autumn
94,"Jersey Mills",Pakaian,2024-10-17,1,10,2024,4,0,autumn
109,"Sepatu Badminton Victor A970",Sepatu,2024-10-18,1,10,2024,5,0,autumn
101,"Shuttlecock Li-Ning A+300",Peralatan,2024-10-18,4,10,2024,5,0,autumn
92,"Sepatu Bola Ortus",Sepatu,2024-10-18,1,10,2024,5,0,autumn
98,"Sepatu Lari Mills",Sepatu,2024-10-19,1,10,2024,6,1,autumn
93,"Kaos Kaki Avo",Aksesoris,2024-10-19,2,10,2024,6,1,autumn
94,"Jersey Mills",Pakaian,2024-10-19,2,10,2024,6,1,autumn
97,"Sepatu Futsal LS Reborn",Sepatu,2024-10-19,1,10,2024,6,1,autumn
95,"Tali Sepatu KipzKapz",Aksesoris,2024-10-19,3,10,2024,6,1,autumn
93,"Kaos Kaki Avo",Aksesoris,2024-10-20,5,10,2024,0,1,autumn
92,"Sepatu Bola Ortus",Sepatu,2024-10-20,1,10,2024,0,1,autumn
104,"Baju Lari Nike Dri-Fit",Pakaian,2024-10-20,1,10,2024,0,1,autumn
94,"Jersey Mills",Pakaian,2024-10-20,1,10,2024,0,1,autumn
98,"Sepatu Lari Mills",Sepatu,2024-10-21,1,10,2024,1,0,autumn
95,"Tali Sepatu KipzKapz",Aksesoris,2024-10-21,2,10,2024,1,0,autumn
97,"Sepatu Futsal LS Reborn",Sepatu,2024-10-21,1,10,2024,1,0,autumn
93,"Kaos Kaki Avo",Aksesoris,2024-10-22,2,10,2024,2,0,autumn
94,"Jersey Mills",Pakaian,2024-10-22,1,10,2024,2,0,autumn
92,"Sepatu Bola Ortus",Sepatu,2024-10-22,1,10,2024,2,0,autumn
98,"Sepatu Lari Mills",Sepatu,2024-10-23,1,10,2024,3,0,autumn
95,"Tali Sepatu KipzKapz",Aksesoris,2024-10-23,1,10,2024,3,0,autumn
113,"Legging Olahraga CoreNation",Pakaian,2024-10-23,1,10,2024,3,0,autumn
93,"Kaos Kaki Avo",Aksesoris,2024-10-24,3,10,2024,4,0,autumn
97,"Sepatu Futsal LS Reborn",Sepatu,2024-10-24,1,10,2024,4,0,autumn
94,"Jersey Mills",Pakaian,2024-10-24,1,10,2024,4,0,autumn
92,"Sepatu Bola Ortus",Sepatu,2024-10-25,1,10,2024,5,0,autumn
95,"Tali Sepatu KipzKapz",Aksesoris,2024-10-25,2,10,2024,5,0,autumn
98,"Sepatu Lari Mills",Sepatu,2024-10-26,1,10,2024,6,1,autumn
93,"Kaos Kaki Avo",Aksesoris,2024-10-26,2,10,2024,6,1,autumn
94,"Jersey Mills",Pakaian,2024-10-26,2,10,2024,6,1,autumn
92,"Sepatu Bola Ortus",Sepatu,2024-10-26,1,10,2024,6,1,autumn
114,"Sarung Tangan Kiper Specs Illuzion",Aksesoris,2024-10-26,1,10,2024,6,1,autumn
93,"Kaos Kaki Avo",Aksesoris,2024-10-27,4,10,2024,0,1,autumn
97,"Sepatu Futsal LS Reborn",Sepatu,2024-10-27,1,10,2024,0,1,autumn
95,"Tali Sepatu KipzKapz",Aksesoris,2024-10-27,1,10,2024,0,1,autumn
94,"Jersey Mills",Pakaian,2024-10-27,1,10,2024,0,1,autumn
92,"Sepatu Bola Ortus",Sepatu,2024-10-28,1,10,2024,1,0,autumn
93,"Kaos Kaki Avo",Aksesoris,2024-10-28,2,10,2024,1,0,autumn
98,"Sepatu Lari Mills",Sepatu,2024-10-28,1,10,2024,1,0,autumn
95,"Tali Sepatu KipzKapz",Aksesoris,2024-10-29,3,10,2024,2,0,autumn
94,"Jersey Mills",Pakaian,2024-10-29,1,10,2024,2,0,autumn
97,"Sepatu Futsal LS Reborn",Sepatu,2024-10-29,1,10,2024,2,0,autumn
93,"Kaos Kaki Avo",Aksesoris,2024-10-30,2,10,2024,3,0,autumn
92,"Sepatu Bola Ortus",Sepatu,2024-10-30,1,10,2024,3,0,autumn
117,"Tali Skipping Reebok",Peralatan,2024-10-30,1,10,2024,3,0,autumn
98,"Sepatu Lari Mills",Sepatu,2024-10-31,1,10,2024,4,0,autumn
94,"Jersey Mills",Pakaian,2024-10-31,1,10,2024,4,0,autumn
93,"Kaos Kaki Avo",Aksesoris,2024-10-31,3,10,2024,4,0,autumn
92,"Sepatu Bola Ortus",Sepatu,2024-11-01,1,11,2024,5,0,autumn
93,"Kaos Kaki Avo",Aksesoris,2024-11-01,2,11,2024,5,0,autumn
94,"Jersey Mills",Pakaian,2024-11-01,2,11,2024,5,0,autumn
98,"Sepatu Lari Mills",Sepatu,2024-11-01,1,11,2024,5,0,autumn
95,"Tali Sepatu KipzKapz",Aksesoris,2024-11-01,3,11,2024,5,0,autumn
97,"Sepatu Futsal LS Reborn",Sepatu,2024-11-01,1,11,2024,5,0,autumn
93,"Kaos Kaki Avo",Aksesoris,2024-11-01,4,11,2024,5,0,autumn
98,"Sepatu Lari Mills",Sepatu,2024-11-02,1,11,2024,6,1,autumn
94,"Jersey Mills",Pakaian,2024-11-02,1,11,2024,6,1,autumn
106,"Celana Bola Adidas Squadra",Pakaian,2024-11-02,1,11,2024,6,1,autumn
92,"Sepatu Bola Ortus",Sepatu,2024-11-02,1,11,2024,6,1,autumn
93,"Kaos Kaki Avo",Aksesoris,2024-11-02,2,11,2024,6,1,autumn
95,"Tali Sepatu KipzKapz",Aksesoris,2024-11-02,2,11,2024,6,1,autumn
104,"Baju Lari Nike Dri-Fit",Pakaian,2024-11-02,1,11,2024,6,1,autumn
97,"Sepatu Futsal LS Reborn",Sepatu,2024-11-03,1,11,2024,0,1,autumn
93,"Kaos Kaki Avo",Aksesoris,2024-11-03,2,11,2024,0,1,autumn
94,"Jersey Mills",Pakaian,2024-11-03,1,11,2024,0,1,autumn
95,"Tali Sepatu KipzKapz",Aksesoris,2024-11-03,1,11,2024,0,1,autumn
92,"Sepatu Bola Ortus",Sepatu,2024-11-03,1,11,2024,0,1,autumn
93,"Kaos Kaki Avo",Aksesoris,2024-11-03,3,11,2024,0,1,autumn
98,"Sepatu Lari Mills",Sepatu,2024-11-04,1,11,2024,1,0,autumn
94,"Jersey Mills",Pakaian,2024-11-04,1,11,2024,1,0,autumn
95,"Tali Sepatu KipzKapz",Aksesoris,2024-11-04,2,11,2024,1,0,autumn
97,"Sepatu Futsal LS Reborn",Sepatu,2024-11-04,1,11,2024,1,0,autumn
93,"Kaos Kaki Avo",Aksesoris,2024-11-05,4,11,2024,2,0,autumn
92,"Sepatu Bola Ortus",Sepatu,2024-11-05,1,11,2024,2,0,autumn
102,"Grip Raket Victor GR200",Aksesoris,2024-11-05,5,11,2024,2,0,autumn
94,"Jersey Mills",Pakaian,2024-11-06,1,11,2024,3,0,autumn
98,"Sepatu Lari Mills",Sepatu,2024-11-06,1,11,2024,3,0,autumn
93,"Kaos Kaki Avo",Aksesoris,2024-11-06,2,11,2024,3,0,autumn
95,"Tali Sepatu KipzKapz",Aksesoris,2024-11-07,3,11,2024,4,0,autumn
97,"Sepatu Futsal LS Reborn",Sepatu,2024-11-07,1,11,2024,4,0,autumn
96,"Bola Futsal Specs Mador",Peralatan,2024-11-07,1,11,2024,4,0,autumn
92,"Sepatu Bola Ortus",Sepatu,2024-11-08,1,11,2024,5,0,autumn
93,"Kaos Kaki Avo",Aksesoris,2024-11-08,2,11,2024,5,0,autumn
94,"Jersey Mills",Pakaian,2024-11-08,2,11,2024,5,0,autumn
98,"Sepatu Lari Mills",Sepatu,2024-11-08,1,11,2024,5,0,autumn
104,"Baju Lari Nike Dri-Fit",Pakaian,2024-11-08,1,11,2024,5,0,autumn
95,"Tali Sepatu KipzKapz",Aksesoris,2024-11-09,2,11,2024,6,1,autumn
93,"Kaos Kaki Avo",Aksesoris,2024-11-09,3,11,2024,6,1,autumn
97,"Sepatu Futsal LS Reborn",Sepatu,2024-11-09,1,11,2024,6,1,autumn
100,"Raket Badminton Yonex Astrox 99",Peralatan,2024-11-09,1,11,2024,6,1,autumn
101,"Shuttlecock Li-Ning A+300",Peralatan,2024-11-09,2,11,2024,6,1,autumn
92,"Sepatu Bola Ortus",Sepatu,2024-11-10,1,11,2024,0,1,autumn
94,"Jersey Mills",Pakaian,2024-11-10,1,11,2024,0,1,autumn
93,"Kaos Kaki Avo",Aksesoris,2024-11-10,4,11,2024,0,1,autumn
98,"Sepatu Lari Mills",Sepatu,2024-11-10,1,11,2024,0,1,autumn
95,"Tali Sepatu KipzKapz",Aksesoris,2024-11-11,1,11,2024,1,0,autumn
97,"Sepatu Futsal LS Reborn",Sepatu,2024-11-11,1,11,2024,1,0,autumn
93,"Kaos Kaki Avo",Aksesoris,2024-11-11,2,11,2024,1,0,autumn
92,"Sepatu Bola Ortus",Sepatu,2024-11-12,1,11,2024,2,0,autumn
94,"Jersey Mills",Pakaian,2024-11-12,1,11,2024,2,0,autumn
107,"Handuk Mikrofiber Nabaiji",Aksesoris,2024-11-12,2,11,2024,2,0,autumn
98,"Sepatu Lari Mills",Sepatu,2024-11-13,1,11,2024,3,0,autumn
93,"Kaos Kaki Avo",Aksesoris,2024-11-13,3,11,2024,3,0,autumn
95,"Tali Sepatu KipzKapz",Aksesoris,2024-11-13,2,11,2024,3,0,autumn
94,"Jersey Mills",Pakaian,2024-11-14,1,11,2024,4,0,autumn
97,"Sepatu Futsal LS Reborn",Sepatu,2024-11-14,1,11,2024,4,0,autumn
105,"Botol Minum Eiger Hydro",Aksesoris,2024-11-14,1,11,2024,4,0,autumn
92,"Sepatu Bola Ortus",Sepatu,2024-11-15,1,11,2024,5,0,autumn
93,"Kaos Kaki Avo",Aksesoris,2024-11-15,2,11,2024,5,0,autumn
98,"Sepatu Lari Mills",Sepatu,2024-11-15,1,11,2024,5,0,autumn
95,"Tali Sepatu KipzKapz",Aksesoris,2024-11-15,1,11,2024,5,0,autumn
94,"Jersey Mills",Pakaian,2024-11-15,1,11,2024,5,0,autumn
93,"Kaos Kaki Avo",Aksesoris,2024-11-16,5,11,2024,6,1,autumn
97,"Sepatu Futsal LS Reborn",Sepatu,2024-11-16,1,11,2024,6,1,autumn
92,"Sepatu Bola Ortus",Sepatu,2024-11-16,1,11,2024,6,1,autumn
94,"Jersey Mills",Pakaian,2024-11-16,2,11,2024,6,1,autumn
104,"Baju Lari Nike Dri-Fit",Pakaian,2024-11-16,1,11,2024,6,1,autumn
95,"Tali Sepatu KipzKapz",Aksesoris,2024-11-17,3,11,2024,0,1,autumn
98,"Sepatu Lari Mills",Sepatu,2024-11-17,1,11,2024,0,1,autumn
93,"Kaos Kaki Avo",Aksesoris,2024-11-17,2,11,2024,0,1,autumn
92,"Sepatu Bola Ortus",Sepatu,2024-11-17,1,11,2024,0,1,autumn
94,"Jersey Mills",Pakaian,2024-11-18,1,11,2024,1,0,autumn
97,"Sepatu Futsal LS Reborn",Sepatu,2024-11-18,1,11,2024,1,0,autumn
95,"Tali Sepatu KipzKapz",Aksesoris,2024-11-18,2,11,2024,1,0,autumn
93,"Kaos Kaki Avo",Aksesoris,2024-11-19,2,11,2024,2,0,autumn
98,"Sepatu Lari Mills",Sepatu,2024-11-19,1,11,2024,2,0,autumn
92,"Sepatu Bola Ortus",Sepatu,2024-11-19,1,11,2024,2,0,autumn
94,"Jersey Mills",Pakaian,2024-11-20,1,11,2024,3,0,autumn
95,"Tali Sepatu KipzKapz",Aksesoris,2024-11-20,1,11,2024,3,0,autumn
111,"Bola Basket Spalding TF-150",Peralatan,2024-11-20,1,11,2024,3,0,autumn
93,"Kaos Kaki Avo",Aksesoris,2024-11-21,3,11,2024,4,0,autumn
97,"Sepatu Futsal LS Reborn",Sepatu,2024-11-21,1,11,2024,4,0,autumn
102,"Grip Raket Victor GR200",Aksesoris,2024-11-21,4,11,2024,4,0,autumn
92,"Sepatu Bola Ortus",Sepatu,2024-11-22,1,11,2024,5,0,autumn
93,"Kaos Kaki Avo",Aksesoris,2024-11-22,2,11,2024,5,0,autumn
94,"Jersey Mills",Pakaian,2024-11-22,1,11,2024,5,0,autumn
98,"Sepatu Lari Mills",Sepatu,2024-11-22,1,11,2024,5,0,autumn
95,"Tali Sepatu KipzKapz",Aksesoris,2024-11-23,3,11,2024,6,1,autumn
97,"Sepatu Futsal LS Reborn",Sepatu,2024-11-23,1,11,2024,6,1,autumn
93,"Kaos Kaki Avo",Aksesoris,2024-11-23,4,11,2024,6,1,autumn
92,"Sepatu Bola Ortus",Sepatu,2024-11-23,1,11,2024,6,1,autumn
118,Piala,Aksesoris,2024-11-24,20,11,2024,0,1,autumn
94,"Jersey Mills",Pakaian,2024-11-24,2,11,2024,0,1,autumn
98,"Sepatu Lari Mills",Sepatu,2024-11-24,1,11,2024,0,1,autumn
93,"Kaos Kaki Avo",Aksesoris,2024-11-25,2,11,2024,1,0,autumn
95,"Tali Sepatu KipzKapz",Aksesoris,2024-11-25,1,11,2024,1,0,autumn
92,"Sepatu Bola Ortus",Sepatu,2024-11-25,1,11,2024,1,0,autumn
97,"Sepatu Futsal LS Reborn",Sepatu,2024-11-26,1,11,2024,2,0,autumn
94,"Jersey Mills",Pakaian,2024-11-26,1,11,2024,2,0,autumn
93,"Kaos Kaki Avo",Aksesoris,2024-11-26,3,11,2024,2,0,autumn
98,"Sepatu Lari Mills",Sepatu,2024-11-27,1,11,2024,3,0,autumn
95,"Tali Sepatu KipzKapz",Aksesoris,2024-11-27,2,11,2024,3,0,autumn
104,"Baju Lari Nike Dri-Fit",Pakaian,2024-11-27,1,11,2024,3,0,autumn
92,"Sepatu Bola Ortus",Sepatu,2024-11-28,1,11,2024,4,0,autumn
93,"Kaos Kaki Avo",Aksesoris,2024-11-28,2,11,2024,4,0,autumn
94,"Jersey Mills",Pakaian,2024-11-28,1,11,2024,4,0,autumn
97,"Sepatu Futsal LS Reborn",Sepatu,2024-11-29,1,11,2024,5,0,autumn
95,"Tali Sepatu KipzKapz",Aksesoris,2024-11-29,2,11,2024,5,0,autumn
98,"Sepatu Lari Mills",Sepatu,2024-11-29,1,11,2024,5,0,autumn
93,"Kaos Kaki Avo",Aksesoris,2024-11-29,3,11,2024,5,0,autumn
94,"Jersey Mills",Pakaian,2024-11-30,2,11,2024,6,1,autumn
92,"Sepatu Bola Ortus",Sepatu,2024-11-30,1,11,2024,6,1,autumn
93,"Kaos Kaki Avo",Aksesoris,2024-11-30,2,11,2024,6,1,autumn
95,"Tali Sepatu KipzKapz",Aksesoris,2024-11-30,4,11,2024,6,1,autumn
97,"Sepatu Futsal LS Reborn",Sepatu,2024-11-30,1,11,2024,6,1,autumn
92,"Sepatu Bola Ortus",Sepatu,2024-12-01,1,12,2024,0,1,winter
93,"Kaos Kaki Avo",Aksesoris,2024-12-01,3,12,2024,0,1,winter
94,"Jersey Mills",Pakaian,2024-12-01,2,12,2024,0,1,winter
98,"Sepatu Lari Mills",Sepatu,2024-12-01,1,12,2024,0,1,winter
95,"Tali Sepatu KipzKapz",Aksesoris,2024-12-01,4,12,2024,0,1,winter
118,Piala,Aksesoris,2024-12-01,15,12,2024,0,1,winter
97,"Sepatu Futsal LS Reborn",Sepatu,2024-12-02,1,12,2024,1,0,winter
93,"Kaos Kaki Avo",Aksesoris,2024-12-02,5,12,2024,1,0,winter
94,"Jersey Mills",Pakaian,2024-12-02,1,12,2024,1,0,winter
104,"Baju Lari Nike Dri-Fit",Pakaian,2024-12-02,1,12,2024,1,0,winter
95,"Tali Sepatu KipzKapz",Aksesoris,2024-12-03,2,12,2024,2,0,winter
92,"Sepatu Bola Ortus",Sepatu,2024-12-03,1,12,2024,2,0,winter
102,"Grip Raket Victor GR200",Aksesoris,2024-12-03,5,12,2024,2,0,winter
93,"Kaos Kaki Avo",Aksesoris,2024-12-04,3,12,2024,3,0,winter
98,"Sepatu Lari Mills",Sepatu,2024-12-04,1,12,2024,3,0,winter
94,"Jersey Mills",Pakaian,2024-12-04,1,12,2024,3,0,winter
97,"Sepatu Futsal LS Reborn",Sepatu,2024-12-05,1,12,2024,4,0,winter
93,"Kaos Kaki Avo",Aksesoris,2024-12-05,2,12,2024,4,0,winter
96,"Bola Futsal Specs Mador",Peralatan,2024-12-05,2,12,2024,4,0,winter
95,"Tali Sepatu KipzKapz",Aksesoris,2024-12-05,3,12,2024,4,0,winter
92,"Sepatu Bola Ortus",Sepatu,2024-12-06,1,12,2024,5,0,winter
94,"Jersey Mills",Pakaian,2024-12-06,1,12,2024,5,0,winter
118,Piala,Aksesoris,2024-12-06,25,12,2024,5,0,winter
98,"Sepatu Lari Mills",Sepatu,2024-12-07,1,12,2024,6,1,winter
93,"Kaos Kaki Avo",Aksesoris,2024-12-07,2,12,2024,6,1,winter
100,"Raket Badminton Yonex Astrox 99",Peralatan,2024-12-07,1,12,2024,6,1,winter
101,"Shuttlecock Li-Ning A+300",Peralatan,2024-12-07,3,12,2024,6,1,winter
95,"Tali Sepatu KipzKapz",Aksesoris,2024-12-07,4,12,2024,6,1,winter
97,"Sepatu Futsal LS Reborn",Sepatu,2024-12-07,1,12,2024,6,1,winter
93,"Kaos Kaki Avo",Aksesoris,2024-12-08,5,12,2024,0,1,winter
94,"Jersey Mills",Pakaian,2024-12-08,2,12,2024,0,1,winter
92,"Sepatu Bola Ortus",Sepatu,2024-12-08,1,12,2024,0,1,winter
107,"Handuk Mikrofiber Nabaiji",Aksesoris,2024-12-08,3,12,2024,0,1,winter
98,"Sepatu Lari Mills",Sepatu,2024-12-09,1,12,2024,1,0,winter
95,"Tali Sepatu KipzKapz",Aksesoris,2024-12-09,2,12,2024,1,0,winter
105,"Botol Minum Eiger Hydro",Aksesoris,2024-12-09,2,12,2024,1,0,winter
93,"Kaos Kaki Avo",Aksesoris,2024-12-10,3,12,2024,2,0,winter
94,"Jersey Mills",Pakaian,2024-12-10,1,12,2024,2,0,winter
97,"Sepatu Futsal LS Reborn",Sepatu,2024-12-10,1,12,2024,2,0,winter
92,"Sepatu Bola Ortus",Sepatu,2024-12-11,1,12,2024,3,0,winter
103,"Dekker Pelindung Kaki Nike Charge",Aksesoris,2024-12-11,1,12,2024,3,0,winter
95,"Tali Sepatu KipzKapz",Aksesoris,2024-12-11,1,12,2024,3,0,winter
98,"Sepatu Lari Mills",Sepatu,2024-12-11,1,12,2024,3,0,winter
93,"Kaos Kaki Avo",Aksesoris,2024-12-12,4,12,2024,4,0,winter
94,"Jersey Mills",Pakaian,2024-12-12,1,12,2024,4,0,winter
118,Piala,Aksesoris,2024-12-12,30,12,2024,4,0,winter
97,"Sepatu Futsal LS Reborn",Sepatu,2024-12-13,1,12,2024,5,0,winter
95,"Tali Sepatu KipzKapz",Aksesoris,2024-12-13,2,12,2024,5,0,winter
92,"Sepatu Bola Ortus",Sepatu,2024-12-13,1,12,2024,5,0,winter
98,"Sepatu Lari Mills",Sepatu,2024-12-14,1,12,2024,6,1,winter
99,"Topi Lari Adidas Aeroready",Aksesoris,2024-12-14,1,12,2024,6,1,winter
93,"Kaos Kaki Avo",Aksesoris,2024-12-14,3,12,2024,6,1,winter
94,"Jersey Mills",Pakaian,2024-12-14,2,12,2024,6,1,winter
112,"Sepatu Basket Adidas Harden Vol. 8",Sepatu,2024-12-14,1,12,2024,6,1,winter
92,"Sepatu Bola Ortus",Sepatu,2024-12-15,1,12,2024,0,1,winter
95,"Tali Sepatu KipzKapz",Aksesoris,2024-12-15,4,12,2024,0,1,winter
93,"Kaos Kaki Avo",Aksesoris,2024-12-15,5,12,2024,0,1,winter
97,"Sepatu Futsal LS Reborn",Sepatu,2024-12-15,1,12,2024,0,1,winter
115,"Jaket Parasut Eiger Windproof",Pakaian,2024-12-16,1,12,2024,1,0,winter
98,"Sepatu Lari Mills",Sepatu,2024-12-16,1,12,2024,1,0,winter
94,"Jersey Mills",Pakaian,2024-12-16,1,12,2024,1,0,winter
93,"Kaos Kaki Avo",Aksesoris,2024-12-17,2,12,2024,2,0,winter
92,"Sepatu Bola Ortus",Sepatu,2024-12-17,1,12,2024,2,0,winter
102,"Grip Raket Victor GR200",Aksesoris,2024-12-17,6,12,2024,2,0,winter
95,"Tali Sepatu KipzKapz",Aksesoris,2024-12-18,2,12,2024,3,0,winter
97,"Sepatu Futsal LS Reborn",Sepatu,2024-12-18,1,12,2024,3,0,winter
94,"Jersey Mills",Pakaian,2024-12-18,1,12,2024,3,0,winter
93,"Kaos Kaki Avo",Aksesoris,2024-12-19,3,12,2024,4,0,winter
98,"Sepatu Lari Mills",Sepatu,2024-12-19,1,12,2024,4,0,winter
96,"Bola Futsal Specs Mador",Peralatan,2024-12-19,1,12,2024,4,0,winter
92,"Sepatu Bola Ortus",Sepatu,2024-12-20,1,12,2024,5,0,winter
94,"Jersey Mills",Pakaian,2024-12-20,1,12,2024,5,0,winter
95,"Tali Sepatu KipzKapz",Aksesoris,2024-12-20,4,12,2024,5,0,winter
93,"Kaos Kaki Avo",Aksesoris,2024-12-20,4,12,2024,5,0,winter
97,"Sepatu Futsal LS Reborn",Sepatu,2024-12-21,1,12,2024,6,1,winter
98,"Sepatu Lari Mills",Sepatu,2024-12-21,1,12,2024,6,1,winter
94,"Jersey Mills",Pakaian,2024-12-21,2,12,2024,6,1,winter
93,"Kaos Kaki Avo",Aksesoris,2024-12-21,3,12,2024,6,1,winter
92,"Sepatu Bola Ortus",Sepatu,2024-12-22,1,12,2024,0,1,winter
95,"Tali Sepatu KipzKapz",Aksesoris,2024-12-22,2,12,2024,0,1,winter
104,"Baju Lari Nike Dri-Fit",Pakaian,2024-12-22,1,12,2024,0,1,winter
93,"Kaos Kaki Avo",Aksesoris,2024-12-22,5,12,2024,0,1,winter
94,"Jersey Mills",Pakaian,2024-12-23,3,12,2024,1,0,winter
98,"Sepatu Lari Mills",Sepatu,2024-12-23,1,12,2024,1,0,winter
97,"Sepatu Futsal LS Reborn",Sepatu,2024-12-23,1,12,2024,1,0,winter
95,"Tali Sepatu KipzKapz",Aksesoris,2024-12-23,2,12,2024,1,0,winter
93,"Kaos Kaki Avo",Aksesoris,2024-12-24,3,12,2024,2,0,winter
92,"Sepatu Bola Ortus",Sepatu,2024-12-24,1,12,2024,2,0,winter
94,"Jersey Mills",Pakaian,2024-12-24,1,12,2024,2,0,winter
105,"Botol Minum Eiger Hydro",Aksesoris,2024-12-25,1,12,2024,3,0,winter
98,"Sepatu Lari Mills",Sepatu,2024-12-26,1,12,2024,4,0,winter
93,"Kaos Kaki Avo",Aksesoris,2024-12-26,2,12,2024,4,0,winter
95,"Tali Sepatu KipzKapz",Aksesoris,2024-12-26,1,12,2024,4,0,winter
105,"Botol Minum Eiger Hydro",Aksesoris,2024-12-26,2,12,2024,4,0,winter
94,"Jersey Mills",Pakaian,2024-12-27,1,12,2024,5,0,winter
97,"Sepatu Futsal LS Reborn",Sepatu,2024-12-27,1,12,2024,5,0,winter
93,"Kaos Kaki Avo",Aksesoris,2024-12-27,3,12,2024,5,0,winter
92,"Sepatu Bola Ortus",Sepatu,2024-12-28,1,12,2024,6,1,winter
95,"Tali Sepatu KipzKapz",Aksesoris,2024-12-28,2,12,2024,6,1,winter
98,"Sepatu Lari Mills",Sepatu,2024-12-28,1,12,2024,6,1,winter
94,"Jersey Mills",Pakaian,2024-12-28,1,12,2024,6,1,winter
93,"Kaos Kaki Avo",Aksesoris,2024-12-29,4,12,2024,0,1,winter
97,"Sepatu Futsal LS Reborn",Sepatu,2024-12-29,1,12,2024,0,1,winter
118,Piala,Aksesoris,2024-12-29,12,12,2024,0,1,winter
92,"Sepatu Bola Ortus",Sepatu,2024-12-30,1,12,2024,1,0,winter
94,"Jersey Mills",Pakaian,2024-12-30,1,12,2024,1,0,winter
93,"Kaos Kaki Avo",Aksesoris,2024-12-30,2,12,2024,1,0,winter
95,"Tali Sepatu KipzKapz",Aksesoris,2024-12-30,1,12,2024,1,0,winter
98,"Sepatu Lari Mills",Sepatu,2024-12-31,1,12,2024,2,0,winter
94,"Jersey Mills",Pakaian,2024-12-31,2,12,2024,2,0,winter
93,"Kaos Kaki Avo",Aksesoris,2024-12-31,3,12,2024,2,0,winter
118,Piala,Aksesoris,2024-12-31,20,12,2024,2,0,winter
98,"Sepatu Lari Mills",Sepatu,2025-01-01,1,1,2025,3,0,winter
93,"Kaos Kaki Avo",Aksesoris,2025-01-01,2,1,2025,3,0,winter
105,"Botol Minum Eiger Hydro",Aksesoris,2025-01-01,1,1,2025,3,0,winter
117,"Tali Skipping Reebok",Peralatan,2025-01-02,1,1,2025,4,0,winter
104,"Baju Lari Nike Dri-Fit",Pakaian,2025-01-02,1,1,2025,4,0,winter
93,"Kaos Kaki Avo",Aksesoris,2025-01-02,3,1,2025,4,0,winter
98,"Sepatu Lari Mills",Sepatu,2025-01-02,1,1,2025,4,0,winter
116,"Matras Yoga Kettler",Peralatan,2025-01-03,1,1,2025,5,0,winter
113,"Legging Olahraga CoreNation",Pakaian,2025-01-03,1,1,2025,5,0,winter
95,"Tali Sepatu KipzKapz",Aksesoris,2025-01-03,2,1,2025,5,0,winter
121,"Dumbbell Set 2kg Agnite",Peralatan,2025-01-03,1,1,2025,5,0,winter
92,"Sepatu Bola Ortus",Sepatu,2025-01-04,1,1,2025,6,1,winter
94,"Jersey Mills",Pakaian,2025-01-04,1,1,2025,6,1,winter
93,"Kaos Kaki Avo",Aksesoris,2025-01-04,4,1,2025,6,1,winter
97,"Sepatu Futsal LS Reborn",Sepatu,2025-01-04,1,1,2025,6,1,winter
98,"Sepatu Lari Mills",Sepatu,2025-01-04,1,1,2025,6,1,winter
102,"Grip Raket Victor GR200",Aksesoris,2025-01-04,3,1,2025,6,1,winter
95,"Tali Sepatu KipzKapz",Aksesoris,2025-01-05,2,1,2025,0,1,winter
94,"Jersey Mills",Pakaian,2025-01-05,2,1,2025,0,1,winter
93,"Kaos Kaki Avo",Aksesoris,2025-01-05,3,1,2025,0,1,winter
92,"Sepatu Bola Ortus",Sepatu,2025-01-05,1,1,2025,0,1,winter
104,"Baju Lari Nike Dri-Fit",Pakaian,2025-01-05,1,1,2025,0,1,winter
98,"Sepatu Lari Mills",Sepatu,2025-01-06,1,1,2025,1,0,winter
105,"Botol Minum Eiger Hydro",Aksesoris,2025-01-06,1,1,2025,1,0,winter
93,"Kaos Kaki Avo",Aksesoris,2025-01-06,2,1,2025,1,0,winter
97,"Sepatu Futsal LS Reborn",Sepatu,2025-01-07,1,1,2025,2,0,winter
95,"Tali Sepatu KipzKapz",Aksesoris,2025-01-07,1,1,2025,2,0,winter
94,"Jersey Mills",Pakaian,2025-01-07,1,1,2025,2,0,winter
92,"Sepatu Bola Ortus",Sepatu,2025-01-08,1,1,2025,3,0,winter
93,"Kaos Kaki Avo",Aksesoris,2025-01-08,3,1,2025,3,0,winter
101,"Shuttlecock Li-Ning A+300",Peralatan,2025-01-08,2,1,2025,3,0,winter
98,"Sepatu Lari Mills",Sepatu,2025-01-09,1,1,2025,4,0,winter
117,"Tali Skipping Reebok",Peralatan,2025-01-09,1,1,2025,4,0,winter
94,"Jersey Mills",Pakaian,2025-01-09,1,1,2025,4,0,winter
93,"Kaos Kaki Avo",Aksesoris,2025-01-10,2,1,2025,5,0,winter
97,"Sepatu Futsal LS Reborn",Sepatu,2025-01-10,1,1,2025,5,0,winter
95,"Tali Sepatu KipzKapz",Aksesoris,2025-01-10,2,1,2025,5,0,winter
92,"Sepatu Bola Ortus",Sepatu,2025-01-11,1,1,2025,6,1,winter
106,"Celana Bola Adidas Squadra",Pakaian,2025-01-11,1,1,2025,6,1,winter
93,"Kaos Kaki Avo",Aksesoris,2025-01-11,4,1,2025,6,1,winter
98,"Sepatu Lari Mills",Sepatu,2025-01-11,1,1,2025,6,1,winter
94,"Jersey Mills",Pakaian,2025-01-11,2,1,2025,6,1,winter
97,"Sepatu Futsal LS Reborn",Sepatu,2025-01-12,1,1,2025,0,1,winter
95,"Tali Sepatu KipzKapz",Aksesoris,2025-01-12,3,1,2025,0,1,winter
93,"Kaos Kaki Avo",Aksesoris,2025-01-12,3,1,2025,0,1,winter
104,"Baju Lari Nike Dri-Fit",Pakaian,2025-01-12,1,1,2025,0,1,winter
92,"Sepatu Bola Ortus",Sepatu,2025-01-13,1,1,2025,1,0,winter
98,"Sepatu Lari Mills",Sepatu,2025-01-13,1,1,2025,1,0,winter
107,"Handuk Mikrofiber Nabaiji",Aksesoris,2025-01-13,2,1,2025,1,0,winter
93,"Kaos Kaki Avo",Aksesoris,2025-01-14,2,1,2025,2,0,winter
94,"Jersey Mills",Pakaian,2025-01-14,1,1,2025,2,0,winter
95,"Tali Sepatu KipzKapz",Aksesoris,2025-01-14,1,1,2025,2,0,winter
97,"Sepatu Futsal LS Reborn",Sepatu,2025-01-15,1,1,2025,3,0,winter
102,"Grip Raket Victor GR200",Aksesoris,2025-01-15,4,1,2025,3,0,winter
92,"Sepatu Bola Ortus",Sepatu,2025-01-15,1,1,2025,3,0,winter
98,"Sepatu Lari Mills",Sepatu,2025-01-16,1,1,2025,4,0,winter
93,"Kaos Kaki Avo",Aksesoris,2025-01-16,3,1,2025,4,0,winter
94,"Jersey Mills",Pakaian,2025-01-16,1,1,2025,4,0,winter
95,"Tali Sepatu KipzKapz",Aksesoris,2025-01-17,2,1,2025,5,0,winter
92,"Sepatu Bola Ortus",Sepatu,2025-01-17,1,1,2025,5,0,winter
103,"Dekker Pelindung Kaki Nike Charge",Aksesoris,2025-01-17,1,1,2025,5,0,winter
93,"Kaos Kaki Avo",Aksesoris,2025-01-18,5,1,2025,6,1,winter
97,"Sepatu Futsal LS Reborn",Sepatu,2025-01-18,1,1,2025,6,1,winter
98,"Sepatu Lari Mills",Sepatu,2025-01-18,1,1,2025,6,1,winter
94,"Jersey Mills",Pakaian,2025-01-18,2,1,2025,6,1,winter
95,"Tali Sepatu KipzKapz",Aksesoris,2025-01-19,3,1,2025,0,1,winter
93,"Kaos Kaki Avo",Aksesoris,2025-01-19,2,1,2025,0,1,winter
92,"Sepatu Bola Ortus",Sepatu,2025-01-19,1,1,2025,0,1,winter
104,"Baju Lari Nike Dri-Fit",Pakaian,2025-01-19,1,1,2025,0,1,winter
98,"Sepatu Lari Mills",Sepatu,2025-01-20,1,1,2025,1,0,winter
94,"Jersey Mills",Pakaian,2025-01-20,1,1,2025,1,0,winter
93,"Kaos Kaki Avo",Aksesoris,2025-01-20,2,1,2025,1,0,winter
97,"Sepatu Futsal LS Reborn",Sepatu,2025-01-21,1,1,2025,2,0,winter
95,"Tali Sepatu KipzKapz",Aksesoris,2025-01-21,1,1,2025,2,0,winter
108,"Pompa Bola Tiento",Peralatan,2025-01-21,1,1,2025,2,0,winter
92,"Sepatu Bola Ortus",Sepatu,2025-01-22,1,1,2025,3,0,winter
93,"Kaos Kaki Avo",Aksesoris,2025-01-22,3,1,2025,3,0,winter
94,"Jersey Mills",Pakaian,2025-01-22,1,1,2025,3,0,winter
98,"Sepatu Lari Mills",Sepatu,2025-01-23,1,1,2025,4,0,winter
95,"Tali Sepatu KipzKapz",Aksesoris,2025-01-23,2,1,2025,4,0,winter
96,"Bola Futsal Specs Mador",Peralatan,2025-01-23,1,1,2025,4,0,winter
93,"Kaos Kaki Avo",Aksesoris,2025-01-24,2,1,2025,5,0,winter
97,"Sepatu Futsal LS Reborn",Sepatu,2025-01-24,1,1,2025,5,0,winter
94,"Jersey Mills",Pakaian,2025-01-24,1,1,2025,5,0,winter
92,"Sepatu Bola Ortus",Sepatu,2025-01-25,1,1,2025,6,1,winter
93,"Kaos Kaki Avo",Aksesoris,2025-01-25,2,1,2025,6,1,winter
98,"Sepatu Lari Mills",Sepatu,2025-01-25,1,1,2025,6,1,winter
95,"Tali Sepatu KipzKapz",Aksesoris,2025-01-25,3,1,2025,6,1,winter
94,"Jersey Mills",Pakaian,2025-01-26,2,1,2025,0,1,winter
93,"Kaos Kaki Avo",Aksesoris,2025-01-26,4,1,2025,0,1,winter
97,"Sepatu Futsal LS Reborn",Sepatu,2025-01-26,1,1,2025,0,1,winter
92,"Sepatu Bola Ortus",Sepatu,2025-01-26,1,1,2025,0,1,winter
95,"Tali Sepatu KipzKapz",Aksesoris,2025-01-27,2,1,2025,1,0,winter
98,"Sepatu Lari Mills",Sepatu,2025-01-27,1,1,2025,1,0,winter
93,"Kaos Kaki Avo",Aksesoris,2025-01-27,2,1,2025,1,0,winter
94,"Jersey Mills",Pakaian,2025-01-28,1,1,2025,2,0,winter
92,"Sepatu Bola Ortus",Sepatu,2025-01-28,1,1,2025,2,0,winter
104,"Baju Lari Nike Dri-Fit",Pakaian,2025-01-28,1,1,2025,2,0,winter
93,"Kaos Kaki Avo",Aksesoris,2025-01-29,3,1,2025,3,0,winter
97,"Sepatu Futsal LS Reborn",Sepatu,2025-01-29,1,1,2025,3,0,winter
95,"Tali Sepatu KipzKapz",Aksesoris,2025-01-29,1,1,2025,3,0,winter
98,"Sepatu Lari Mills",Sepatu,2025-01-30,1,1,2025,4,0,winter
94,"Jersey Mills",Pakaian,2025-01-30,1,1,2025,4,0,winter
93,"Kaos Kaki Avo",Aksesoris,2025-01-30,2,1,2025,4,0,winter
92,"Sepatu Bola Ortus",Sepatu,2025-01-31,1,1,2025,5,0,winter
95,"Tali Sepatu KipzKapz",Aksesoris,2025-01-31,2,1,2025,5,0,winter
93,"Kaos Kaki Avo",Aksesoris,2025-01-31,4,1,2025,5,0,winter
97,"Sepatu Futsal LS Reborn",Sepatu,2025-01-31,1,1,2025,5,0,winter
92,"Sepatu Bola Ortus",Sepatu,2025-02-01,1,2,2025,6,1,winter
94,"Jersey Mills",Pakaian,2025-02-01,2,2,2025,6,1,winter
93,"Kaos Kaki Avo",Aksesoris,2025-02-01,3,2,2025,6,1,winter
98,"Sepatu Lari Mills",Sepatu,2025-02-01,1,2,2025,6,1,winter
95,"Tali Sepatu KipzKapz",Aksesoris,2025-02-01,2,2,2025,6,1,winter
97,"Sepatu Futsal LS Reborn",Sepatu,2025-02-02,1,2,2025,0,1,winter
93,"Kaos Kaki Avo",Aksesoris,2025-02-02,4,2,2025,0,1,winter
104,"Baju Lari Nike Dri-Fit",Pakaian,2025-02-02,1,2,2025,0,1,winter
94,"Jersey Mills",Pakaian,2025-02-02,1,2,2025,0,1,winter
102,"Grip Raket Victor GR200",Aksesoris,2025-02-02,5,2,2025,0,1,winter
92,"Sepatu Bola Ortus",Sepatu,2025-02-03,1,2,2025,1,0,winter
95,"Tali Sepatu KipzKapz",Aksesoris,2025-02-03,1,2,2025,1,0,winter
93,"Kaos Kaki Avo",Aksesoris,2025-02-03,2,2,2025,1,0,winter
98,"Sepatu Lari Mills",Sepatu,2025-02-04,1,2,2025,2,0,winter
94,"Jersey Mills",Pakaian,2025-02-04,1,2,2025,2,0,winter
97,"Sepatu Futsal LS Reborn",Sepatu,2025-02-04,1,2,2025,2,0,winter
93,"Kaos Kaki Avo",Aksesoris,2025-02-05,3,2,2025,3,0,winter
92,"Sepatu Bola Ortus",Sepatu,2025-02-05,1,2,2025,3,0,winter
103,"Dekker Pelindung Kaki Nike Charge",Aksesoris,2025-02-05,1,2,2025,3,0,winter
95,"Tali Sepatu KipzKapz",Aksesoris,2025-02-05,2,2,2025,3,0,winter
98,"Sepatu Lari Mills",Sepatu,2025-02-06,1,2,2025,4,0,winter
94,"Jersey Mills",Pakaian,2025-02-06,1,2,2025,4,0,winter
93,"Kaos Kaki Avo",Aksesoris,2025-02-06,2,2,2025,4,0,winter
97,"Sepatu Futsal LS Reborn",Sepatu,2025-02-07,1,2,2025,5,0,winter
95,"Tali Sepatu KipzKapz",Aksesoris,2025-02-07,1,2,2025,5,0,winter
105,"Botol Minum Eiger Hydro",Aksesoris,2025-02-07,1,2,2025,5,0,winter
92,"Sepatu Bola Ortus",Sepatu,2025-02-08,1,2,2025,6,1,winter
93,"Kaos Kaki Avo",Aksesoris,2025-02-08,2,2,2025,6,1,winter
101,"Shuttlecock Li-Ning A+300",Peralatan,2025-02-08,3,2,2025,6,1,winter
98,"Sepatu Lari Mills",Sepatu,2025-02-08,1,2,2025,6,1,winter
94,"Jersey Mills",Pakaian,2025-02-08,2,2,2025,6,1,winter
97,"Sepatu Futsal LS Reborn",Sepatu,2025-02-09,1,2,2025,0,1,winter
93,"Kaos Kaki Avo",Aksesoris,2025-02-09,4,2,2025,0,1,winter
95,"Tali Sepatu KipzKapz",Aksesoris,2025-02-09,2,2,2025,0,1,winter
92,"Sepatu Bola Ortus",Sepatu,2025-02-09,1,2,2025,0,1,winter
94,"Jersey Mills",Pakaian,2025-02-10,1,2,2025,1,0,winter
98,"Sepatu Lari Mills",Sepatu,2025-02-10,1,2,2025,1,0,winter
93,"Kaos Kaki Avo",Aksesoris,2025-02-10,2,2,2025,1,0,winter
95,"Tali Sepatu KipzKapz",Aksesoris,2025-02-11,1,2,2025,2,0,winter
97,"Sepatu Futsal LS Reborn",Sepatu,2025-02-11,1,2,2025,2,0,winter
106,"Celana Bola Adidas Squadra",Pakaian,2025-02-11,1,2,2025,2,0,winter
92,"Sepatu Bola Ortus",Sepatu,2025-02-12,1,2,2025,3,0,winter
93,"Kaos Kaki Avo",Aksesoris,2025-02-12,3,2,2025,3,0,winter
94,"Jersey Mills",Pakaian,2025-02-12,1,2,2025,3,0,winter
98,"Sepatu Lari Mills",Sepatu,2025-02-13,1,2,2025,4,0,winter
95,"Tali Sepatu KipzKapz",Aksesoris,2025-02-13,2,2,2025,4,0,winter
104,"Baju Lari Nike Dri-Fit",Pakaian,2025-02-13,1,2,2025,4,0,winter
93,"Kaos Kaki Avo",Aksesoris,2025-02-14,2,2,2025,5,0,winter
97,"Sepatu Futsal LS Reborn",Sepatu,2025-02-14,1,2,2025,5,0,winter
94,"Jersey Mills",Pakaian,2025-02-14,1,2,2025,5,0,winter
92,"Sepatu Bola Ortus",Sepatu,2025-02-15,1,2,2025,6,1,winter
93,"Kaos Kaki Avo",Aksesoris,2025-02-15,2,2,2025,6,1,winter
98,"Sepatu Lari Mills",Sepatu,2025-02-15,1,2,2025,6,1,winter
95,"Tali Sepatu KipzKapz",Aksesoris,2025-02-15,3,2,2025,6,1,winter
94,"Jersey Mills",Pakaian,2025-02-15,2,2,2025,6,1,winter
97,"Sepatu Futsal LS Reborn",Sepatu,2025-02-16,1,2,2025,0,1,winter
93,"Kaos Kaki Avo",Aksesoris,2025-02-16,4,2,2025,0,1,winter
92,"Sepatu Bola Ortus",Sepatu,2025-02-16,1,2,2025,0,1,winter
115,"Jaket Parasut Eiger Windproof",Pakaian,2025-02-16,1,2,2025,0,1,winter
98,"Sepatu Lari Mills",Sepatu,2025-02-17,1,2,2025,1,0,winter
94,"Jersey Mills",Pakaian,2025-02-17,1,2,2025,1,0,winter
95,"Tali Sepatu KipzKapz",Aksesoris,2025-02-17,2,2,2025,1,0,winter
93,"Kaos Kaki Avo",Aksesoris,2025-02-18,2,2,2025,2,0,winter
92,"Sepatu Bola Ortus",Sepatu,2025-02-18,1,2,2025,2,0,winter
102,"Grip Raket Victor GR200",Aksesoris,2025-02-18,3,2,2025,2,0,winter
97,"Sepatu Futsal LS Reborn",Sepatu,2025-02-19,1,2,2025,3,0,winter
94,"Jersey Mills",Pakaian,2025-02-19,1,2,2025,3,0,winter
93,"Kaos Kaki Avo",Aksesoris,2025-02-19,3,2,2025,3,0,winter
98,"Sepatu Lari Mills",Sepatu,2025-02-20,1,2,2025,4,0,winter
95,"Tali Sepatu KipzKapz",Aksesoris,2025-02-20,1,2,2025,4,0,winter
99,"Topi Lari Adidas Aeroready",Aksesoris,2025-02-20,1,2,2025,4,0,winter
92,"Sepatu Bola Ortus",Sepatu,2025-02-21,1,2,2025,5,0,winter
93,"Kaos Kaki Avo",Aksesoris,2025-02-21,2,2,2025,5,0,winter
94,"Jersey Mills",Pakaian,2025-02-21,1,2,2025,5,0,winter
97,"Sepatu Futsal LS Reborn",Sepatu,2025-02-22,1,2,2025,6,1,winter
95,"Tali Sepatu KipzKapz",Aksesoris,2025-02-22,2,2,2025,6,1,winter
98,"Sepatu Lari Mills",Sepatu,2025-02-22,1,2,2025,6,1,winter
93,"Kaos Kaki Avo",Aksesoris,2025-02-22,3,2,2025,6,1,winter
94,"Jersey Mills",Pakaian,2025-02-22,2,2,2025,6,1,winter
92,"Sepatu Bola Ortus",Sepatu,2025-02-23,1,2,2025,0,1,winter
93,"Kaos Kaki Avo",Aksesoris,2025-02-23,4,2,2025,0,1,winter
97,"Sepatu Futsal LS Reborn",Sepatu,2025-02-23,1,2,2025,0,1,winter
95,"Tali Sepatu KipzKapz",Aksesoris,2025-02-23,1,2,2025,0,1,winter
94,"Jersey Mills",Pakaian,2025-02-24,1,2,2025,1,0,winter
98,"Sepatu Lari Mills",Sepatu,2025-02-24,1,2,2025,1,0,winter
93,"Kaos Kaki Avo",Aksesoris,2025-02-24,2,2,2025,1,0,winter
95,"Tali Sepatu KipzKapz",Aksesoris,2025-02-25,1,2,2025,2,0,winter
92,"Sepatu Bola Ortus",Sepatu,2025-02-25,1,2,2025,2,0,winter
104,"Baju Lari Nike Dri-Fit",Pakaian,2025-02-25,1,2,2025,2,0,winter
93,"Kaos Kaki Avo",Aksesoris,2025-02-26,3,2,2025,3,0,winter
97,"Sepatu Futsal LS Reborn",Sepatu,2025-02-26,1,2,2025,3,0,winter
94,"Jersey Mills",Pakaian,2025-02-26,1,2,2025,3,0,winter
98,"Sepatu Lari Mills",Sepatu,2025-02-27,1,2,2025,4,0,winter
95,"Tali Sepatu KipzKapz",Aksesoris,2025-02-27,2,2,2025,4,0,winter
100,"Raket Badminton Yonex Astrox 99",Peralatan,2025-02-27,1,2,2025,4,0,winter
92,"Sepatu Bola Ortus",Sepatu,2025-02-28,1,2,2025,5,0,winter
93,"Kaos Kaki Avo",Aksesoris,2025-02-28,2,2,2025,5,0,winter
94,"Jersey Mills",Pakaian,2025-02-28,1,2,2025,5,0,winter
97,"Sepatu Futsal LS Reborn",Sepatu,2025-02-28,1,2,2025,5,0,winter
95,"Tali Sepatu KipzKapz",Aksesoris,2025-02-28,3,2,2025,5,0,winter
92,"Sepatu Bola Ortus",Sepatu,2025-03-01,1,3,2025,6,1,spring
93,"Kaos Kaki Avo",Aksesoris,2025-03-01,2,3,2025,6,1,spring
94,"Jersey Mills",Pakaian,2025-03-01,1,3,2025,6,1,spring
97,"Sepatu Futsal LS Reborn",Sepatu,2025-03-01,1,3,2025,6,1,spring
98,"Sepatu Lari Mills",Sepatu,2025-03-01,1,3,2025,6,1,spring
98,"Sepatu Lari Mills",Sepatu,2025-03-02,1,3,2025,0,1,spring
95,"Tali Sepatu KipzKapz",Aksesoris,2025-03-02,1,3,2025,0,1,spring
93,"Kaos Kaki Avo",Aksesoris,2025-03-02,2,3,2025,0,1,spring
97,"Sepatu Futsal LS Reborn",Sepatu,2025-03-03,1,3,2025,1,0,spring
92,"Sepatu Bola Ortus",Sepatu,2025-03-03,1,3,2025,1,0,spring
95,"Tali Sepatu KipzKapz",Aksesoris,2025-03-03,1,3,2025,1,0,spring
94,"Jersey Mills",Pakaian,2025-03-04,1,3,2025,2,0,spring
97,"Sepatu Futsal LS Reborn",Sepatu,2025-03-04,1,3,2025,2,0,spring
92,"Sepatu Bola Ortus",Sepatu,2025-03-05,1,3,2025,3,0,spring
93,"Kaos Kaki Avo",Aksesoris,2025-03-05,2,3,2025,3,0,spring
98,"Sepatu Lari Mills",Sepatu,2025-03-06,1,3,2025,4,0,spring
95,"Tali Sepatu KipzKapz",Aksesoris,2025-03-06,1,3,2025,4,0,spring
92,"Sepatu Bola Ortus",Sepatu,2025-03-07,1,3,2025,5,0,spring
93,"Kaos Kaki Avo",Aksesoris,2025-03-07,3,3,2025,5,0,spring
118,Piala,Aksesoris,2025-03-08,3,3,2025,6,1,spring
94,"Jersey Mills",Pakaian,2025-03-08,1,3,2025,6,1,spring
98,"Sepatu Lari Mills",Sepatu,2025-03-09,1,3,2025,0,1,spring
95,"Tali Sepatu KipzKapz",Aksesoris,2025-03-09,2,3,2025,0,1,spring
92,"Sepatu Bola Ortus",Sepatu,2025-03-10,1,3,2025,1,0,spring
93,"Kaos Kaki Avo",Aksesoris,2025-03-10,1,3,2025,1,0,spring
97,"Sepatu Futsal LS Reborn",Sepatu,2025-03-11,1,3,2025,2,0,spring
95,"Tali Sepatu KipzKapz",Aksesoris,2025-03-11,1,3,2025,2,0,spring
93,"Kaos Kaki Avo",Aksesoris,2025-03-12,2,3,2025,3,0,spring
92,"Sepatu Bola Ortus",Sepatu,2025-03-12,1,3,2025,3,0,spring
94,"Jersey Mills",Pakaian,2025-03-13,2,3,2025,4,0,spring
118,Piala,Aksesoris,2025-03-13,3,3,2025,4,0,spring
93,"Kaos Kaki Avo",Aksesoris,2025-03-14,2,3,2025,5,0,spring
97,"Sepatu Futsal LS Reborn",Sepatu,2025-03-14,1,3,2025,5,0,spring
94,"Jersey Mills",Pakaian,2025-03-15,1,3,2025,6,1,spring
118,Piala,Aksesoris,2025-03-15,3,3,2025,6,1,spring
95,"Tali Sepatu KipzKapz",Aksesoris,2025-03-16,1,3,2025,0,1,spring
94,"Jersey Mills",Pakaian,2025-03-16,1,3,2025,0,1,spring
97,"Sepatu Futsal LS Reborn",Sepatu,2025-03-17,1,3,2025,1,0,spring
93,"Kaos Kaki Avo",Aksesoris,2025-03-17,2,3,2025,1,0,spring
118,Piala,Aksesoris,2025-03-18,3,3,2025,2,0,spring
94,"Jersey Mills",Pakaian,2025-03-18,1,3,2025,2,0,spring
97,"Sepatu Futsal LS Reborn",Sepatu,2025-03-19,1,3,2025,3,0,spring
95,"Tali Sepatu KipzKapz",Aksesoris,2025-03-19,1,3,2025,3,0,spring
93,"Kaos Kaki Avo",Aksesoris,2025-03-20,2,3,2025,4,0,spring
94,"Jersey Mills",Pakaian,2025-03-20,2,3,2025,4,0,spring
118,Piala,Aksesoris,2025-03-21,1,3,2025,5,0,spring
97,"Sepatu Futsal LS Reborn",Sepatu,2025-03-21,1,3,2025,5,0,spring
92,"Sepatu Bola Ortus",Sepatu,2025-03-22,1,3,2025,6,1,spring
94,"Jersey Mills",Pakaian,2025-03-22,2,3,2025,6,1,spring
98,"Sepatu Lari Mills",Sepatu,2025-03-23,1,3,2025,0,1,spring
118,Piala,Aksesoris,2025-03-23,3,3,2025,0,1,spring
93,"Kaos Kaki Avo",Aksesoris,2025-03-24,2,3,2025,1,0,spring
94,"Jersey Mills",Pakaian,2025-03-24,2,3,2025,1,0,spring
97,"Sepatu Futsal LS Reborn",Sepatu,2025-03-25,1,3,2025,2,0,spring
95,"Tali Sepatu KipzKapz",Aksesoris,2025-03-25,2,3,2025,2,0,spring
98,"Sepatu Lari Mills",Sepatu,2025-03-26,1,3,2025,3,0,spring
118,Piala,Aksesoris,2025-03-26,3,3,2025,3,0,spring
94,"Jersey Mills",Pakaian,2025-03-27,1,3,2025,4,0,spring
93,"Kaos Kaki Avo",Aksesoris,2025-03-27,2,3,2025,4,0,spring
98,"Sepatu Lari Mills",Sepatu,2025-03-28,1,3,2025,5,0,spring
92,"Sepatu Bola Ortus",Sepatu,2025-03-28,1,3,2025,5,0,spring
94,"Jersey Mills",Pakaian,2025-03-29,1,3,2025,6,1,spring
95,"Tali Sepatu KipzKapz",Aksesoris,2025-03-29,1,3,2025,6,1,spring
92,"Sepatu Bola Ortus",Sepatu,2025-03-30,1,3,2025,0,1,spring
93,"Kaos Kaki Avo",Aksesoris,2025-03-30,2,3,2025,0,1,spring
98,"Sepatu Lari Mills",Sepatu,2025-03-31,1,3,2025,1,0,spring
94,"Jersey Mills",Pakaian,2025-03-31,1,3,2025,1,0,spring
98,"Sepatu Lari Mills",Sepatu,2025-04-01,3,4,2025,2,0,spring
93,"Kaos Kaki Avo",Aksesoris,2025-04-01,2,4,2025,2,0,spring
102,"Grip Raket Victor GR200",Aksesoris,2025-04-01,1,4,2025,2,0,spring
92,"Sepatu Bola Ortus",Sepatu,2025-04-01,3,4,2025,2,0,spring
95,"Tali Sepatu KipzKapz",Aksesoris,2025-04-01,2,4,2025,2,0,spring
98,"Sepatu Lari Mills",Sepatu,2025-04-01,1,4,2025,2,0,spring
92,"Sepatu Bola Ortus",Sepatu,2025-04-01,3,4,2025,2,0,spring
97,"Sepatu Futsal LS Reborn",Sepatu,2025-04-01,2,4,2025,2,0,spring
93,"Kaos Kaki Avo",Aksesoris,2025-04-01,1,4,2025,2,0,spring
97,"Sepatu Futsal LS Reborn",Sepatu,2025-04-01,3,4,2025,2,0,spring
109,"Sepatu Badminton Victor A970",Sepatu,2025-04-01,2,4,2025,2,0,spring
95,"Tali Sepatu KipzKapz",Aksesoris,2025-04-01,1,4,2025,2,0,spring
97,"Sepatu Futsal LS Reborn",Sepatu,2025-04-01,3,4,2025,2,0,spring
101,"Shuttlecock Li-Ning A+300",Peralatan,2025-04-01,2,4,2025,2,0,spring
95,"Tali Sepatu KipzKapz",Aksesoris,2025-04-01,1,4,2025,2,0,spring
93,"Kaos Kaki Avo",Aksesoris,2025-04-02,3,4,2025,3,0,spring
97,"Sepatu Futsal LS Reborn",Sepatu,2025-04-02,2,4,2025,3,0,spring
92,"Sepatu Bola Ortus",Sepatu,2025-04-02,1,4,2025,3,0,spring
98,"Sepatu Lari Mills",Sepatu,2025-04-02,3,4,2025,3,0,spring
93,"Kaos Kaki Avo",Aksesoris,2025-04-02,2,4,2025,3,0,spring
105,"Botol Minum Eiger Hydro",Aksesoris,2025-04-02,1,4,2025,3,0,spring
98,"Sepatu Lari Mills",Sepatu,2025-04-02,3,4,2025,3,0,spring
92,"Sepatu Bola Ortus",Sepatu,2025-04-02,2,4,2025,3,0,spring
93,"Kaos Kaki Avo",Aksesoris,2025-04-02,1,4,2025,3,0,spring
92,"Sepatu Bola Ortus",Sepatu,2025-04-02,3,4,2025,3,0,spring
98,"Sepatu Lari Mills",Sepatu,2025-04-02,2,4,2025,3,0,spring
99,"Topi Lari Adidas Aeroready",Aksesoris,2025-04-03,1,4,2025,4,0,spring
97,"Sepatu Futsal LS Reborn",Sepatu,2025-04-03,3,4,2025,4,0,spring
95,"Tali Sepatu KipzKapz",Aksesoris,2025-04-03,2,4,2025,4,0,spring
112,"Sepatu Basket Adidas Harden Vol. 8",Sepatu,2025-04-03,1,4,2025,4,0,spring
92,"Sepatu Bola Ortus",Sepatu,2025-04-03,3,4,2025,4,0,spring
95,"Tali Sepatu KipzKapz",Aksesoris,2025-04-03,2,4,2025,4,0,spring
97,"Sepatu Futsal LS Reborn",Sepatu,2025-04-03,1,4,2025,4,0,spring
93,"Kaos Kaki Avo",Aksesoris,2025-04-03,3,4,2025,4,0,spring
92,"Sepatu Bola Ortus",Sepatu,2025-04-03,2,4,2025,4,0,spring
93,"Kaos Kaki Avo",Aksesoris,2025-04-03,1,4,2025,4,0,spring
97,"Sepatu Futsal LS Reborn",Sepatu,2025-04-04,3,4,2025,5,0,spring
98,"Sepatu Lari Mills",Sepatu,2025-04-04,2,4,2025,5,0,spring
92,"Sepatu Bola Ortus",Sepatu,2025-04-04,1,4,2025,5,0,spring
106,"Celana Bola Adidas Squadra",Pakaian,2025-04-04,2,4,2025,5,0,spring
93,"Kaos Kaki Avo",Aksesoris,2025-04-04,1,4,2025,5,0,spring
95,"Tali Sepatu KipzKapz",Aksesoris,2025-04-04,3,4,2025,5,0,spring
93,"Kaos Kaki Avo",Aksesoris,2025-04-04,2,4,2025,5,0,spring
98,"Sepatu Lari Mills",Sepatu,2025-04-04,1,4,2025,5,0,spring
93,"Kaos Kaki Avo",Aksesoris,2025-04-04,3,4,2025,5,0,spring
95,"Tali Sepatu KipzKapz",Aksesoris,2025-04-04,2,4,2025,5,0,spring
92,"Sepatu Bola Ortus",Sepatu,2025-04-05,1,4,2025,6,1,spring
110,"Tas Raket Lining",Aksesoris,2025-04-05,1,4,2025,6,1,spring
93,"Kaos Kaki Avo",Aksesoris,2025-04-05,3,4,2025,6,1,spring
97,"Sepatu Futsal LS Reborn",Sepatu,2025-04-05,2,4,2025,6,1,spring
92,"Sepatu Bola Ortus",Sepatu,2025-04-05,1,4,2025,6,1,spring
95,"Tali Sepatu KipzKapz",Aksesoris,2025-04-05,3,4,2025,6,1,spring
97,"Sepatu Futsal LS Reborn",Sepatu,2025-04-05,2,4,2025,6,1,spring
94,"Jersey Mills",Pakaian,2025-04-05,1,4,2025,6,1,spring
92,"Sepatu Bola Ortus",Sepatu,2025-04-05,3,4,2025,6,1,spring
95,"Tali Sepatu KipzKapz",Aksesoris,2025-04-05,2,4,2025,6,1,spring
98,"Sepatu Lari Mills",Sepatu,2025-04-06,1,4,2025,0,1,spring
93,"Kaos Kaki Avo",Aksesoris,2025-04-06,3,4,2025,0,1,spring
116,"Matras Yoga Kettler",Peralatan,2025-04-06,2,4,2025,0,1,spring
92,"Sepatu Bola Ortus",Sepatu,2025-04-06,1,4,2025,0,1,spring
95,"Tali Sepatu KipzKapz",Aksesoris,2025-04-06,3,4,2025,0,1,spring
98,"Sepatu Lari Mills",Sepatu,2025-04-06,2,4,2025,0,1,spring
92,"Sepatu Bola Ortus",Sepatu,2025-04-06,1,4,2025,0,1,spring
97,"Sepatu Futsal LS Reborn",Sepatu,2025-04-06,3,4,2025,0,1,spring
95,"Tali Sepatu KipzKapz",Aksesoris,2025-04-06,2,4,2025,0,1,spring
93,"Kaos Kaki Avo",Aksesoris,2025-04-06,1,4,2025,0,1,spring
98,"Sepatu Lari Mills",Sepatu,2025-04-07,3,4,2025,1,0,spring
107,"Handuk Mikrofiber Nabaiji",Aksesoris,2025-04-07,2,4,2025,1,0,spring
97,"Sepatu Futsal LS Reborn",Sepatu,2025-04-07,1,4,2025,1,0,spring
95,"Tali Sepatu KipzKapz",Aksesoris,2025-04-07,3,4,2025,1,0,spring
92,"Sepatu Bola Ortus",Sepatu,2025-04-07,2,4,2025,1,0,spring
93,"Kaos Kaki Avo",Aksesoris,2025-04-07,1,4,2025,1,0,spring
95,"Tali Sepatu KipzKapz",Aksesoris,2025-04-07,3,4,2025,1,0,spring
98,"Sepatu Lari Mills",Sepatu,2025-04-07,2,4,2025,1,0,spring
92,"Sepatu Bola Ortus",Sepatu,2025-04-07,1,4,2025,1,0,spring
119,"Baju Renang Arena Carbon-Glide",Pakaian,2025-04-07,1,4,2025,1,0,spring
92,"Sepatu Bola Ortus",Sepatu,2025-04-08,3,4,2025,2,0,spring
97,"Sepatu Futsal LS Reborn",Sepatu,2025-04-08,2,4,2025,2,0,spring
95,"Tali Sepatu KipzKapz",Aksesoris,2025-04-08,1,4,2025,2,0,spring
98,"Sepatu Lari Mills",Sepatu,2025-04-08,3,4,2025,2,0,spring
93,"Kaos Kaki Avo",Aksesoris,2025-04-08,2,4,2025,2,0,spring
97,"Sepatu Futsal LS Reborn",Sepatu,2025-04-08,1,4,2025,2,0,spring
95,"Tali Sepatu KipzKapz",Aksesoris,2025-04-08,3,4,2025,2,0,spring
108,"Pompa Bola Tiento",Peralatan,2025-04-08,2,4,2025,2,0,spring
92,"Sepatu Bola Ortus",Sepatu,2025-04-08,1,4,2025,2,0,spring
93,"Kaos Kaki Avo",Aksesoris,2025-04-08,3,4,2025,2,0,spring
92,"Sepatu Bola Ortus",Sepatu,2025-04-09,1,4,2025,3,0,spring
98,"Sepatu Lari Mills",Sepatu,2025-04-09,3,4,2025,3,0,spring
93,"Kaos Kaki Avo",Aksesoris,2025-04-09,2,4,2025,3,0,spring
95,"Tali Sepatu KipzKapz",Aksesoris,2025-04-09,1,4,2025,3,0,spring
93,"Kaos Kaki Avo",Aksesoris,2025-04-09,3,4,2025,3,0,spring
95,"Tali Sepatu KipzKapz",Aksesoris,2025-04-09,2,4,2025,3,0,spring
98,"Sepatu Lari Mills",Sepatu,2025-04-09,1,4,2025,3,0,spring
97,"Sepatu Futsal LS Reborn",Sepatu,2025-04-09,3,4,2025,3,0,spring
121,"Dumbbell Set 2kg Agnite",Peralatan,2025-04-09,2,4,2025,3,0,spring
95,"Tali Sepatu KipzKapz",Aksesoris,2025-04-09,1,4,2025,3,0,spring
98,"Sepatu Lari Mills",Sepatu,2025-04-10,3,4,2025,4,0,spring
94,"Jersey Mills",Pakaian,2025-04-10,2,4,2025,4,0,spring
97,"Sepatu Futsal LS Reborn",Sepatu,2025-04-10,1,4,2025,4,0,spring
113,"Legging Olahraga CoreNation",Pakaian,2025-04-10,3,4,2025,4,0,spring
93,"Kaos Kaki Avo",Aksesoris,2025-04-10,2,4,2025,4,0,spring
95,"Tali Sepatu KipzKapz",Aksesoris,2025-04-10,1,4,2025,4,0,spring
97,"Sepatu Futsal LS Reborn",Sepatu,2025-04-10,3,4,2025,4,0,spring
118,Piala,Aksesoris,2025-04-10,2,4,2025,4,0,spring
120,"Kacamata Renang Speedo Fastskin",Peralatan,2025-04-10,1,4,2025,4,0,spring
95,"Tali Sepatu KipzKapz",Aksesoris,2025-04-10,3,4,2025,4,0,spring
93,"Kaos Kaki Avo",Aksesoris,2025-04-11,2,4,2025,5,0,spring
94,"Jersey Mills",Pakaian,2025-04-11,1,4,2025,5,0,spring
118,Piala,Aksesoris,2025-04-11,3,4,2025,5,0,spring
93,"Kaos Kaki Avo",Aksesoris,2025-04-11,2,4,2025,5,0,spring
95,"Tali Sepatu KipzKapz",Aksesoris,2025-04-11,1,4,2025,5,0,spring
115,"Jaket Parasut Eiger Windproof",Pakaian,2025-04-11,3,4,2025,5,0,spring
97,"Sepatu Futsal LS Reborn",Sepatu,2025-04-11,2,4,2025,5,0,spring
95,"Tali Sepatu KipzKapz",Aksesoris,2025-04-11,1,4,2025,5,0,spring
118,Piala,Aksesoris,2025-04-11,3,4,2025,5,0,spring
93,"Kaos Kaki Avo",Aksesoris,2025-04-11,2,4,2025,5,0,spring
95,"Tali Sepatu KipzKapz",Aksesoris,2025-04-12,1,4,2025,6,1,spring
118,Piala,Aksesoris,2025-04-12,3,4,2025,6,1,spring
97,"Sepatu Futsal LS Reborn",Sepatu,2025-04-12,2,4,2025,6,1,spring
93,"Kaos Kaki Avo",Aksesoris,2025-04-12,1,4,2025,6,1,spring
94,"Jersey Mills",Pakaian,2025-04-12,3,4,2025,6,1,spring
95,"Tali Sepatu KipzKapz",Aksesoris,2025-04-12,2,4,2025,6,1,spring
97,"Sepatu Futsal LS Reborn",Sepatu,2025-04-12,1,4,2025,6,1,spring
118,Piala,Aksesoris,2025-04-12,3,4,2025,6,1,spring
94,"Jersey Mills",Pakaian,2025-04-12,2,4,2025,6,1,spring
97,"Sepatu Futsal LS Reborn",Sepatu,2025-04-12,1,4,2025,6,1,spring
93,"Kaos Kaki Avo",Aksesoris,2025-04-13,3,4,2025,0,1,spring
95,"Tali Sepatu KipzKapz",Aksesoris,2025-04-13,2,4,2025,0,1,spring
93,"Kaos Kaki Avo",Aksesoris,2025-04-13,1,4,2025,0,1,spring
117,"Tali Skipping Reebok",Peralatan,2025-04-13,3,4,2025,0,1,spring
97,"Sepatu Futsal LS Reborn",Sepatu,2025-04-13,2,4,2025,0,1,spring
93,"Kaos Kaki Avo",Aksesoris,2025-04-13,1,4,2025,0,1,spring
118,Piala,Aksesoris,2025-04-13,3,4,2025,0,1,spring
95,"Tali Sepatu KipzKapz",Aksesoris,2025-04-13,2,4,2025,0,1,spring
94,"Jersey Mills",Pakaian,2025-04-13,1,4,2025,0,1,spring
93,"Kaos Kaki Avo",Aksesoris,2025-04-13,3,4,2025,0,1,spring
97,"Sepatu Futsal LS Reborn",Sepatu,2025-04-14,2,4,2025,1,0,spring
93,"Kaos Kaki Avo",Aksesoris,2025-04-14,1,4,2025,1,0,spring
118,Piala,Aksesoris,2025-04-14,3,4,2025,1,0,spring
114,"Sarung Tangan Kiper Specs Illuzion",Aksesoris,2025-04-14,2,4,2025,1,0,spring
93,"Kaos Kaki Avo",Aksesoris,2025-04-14,1,4,2025,1,0,spring
94,"Jersey Mills",Pakaian,2025-04-14,2,4,2025,1,0,spring
95,"Tali Sepatu KipzKapz",Aksesoris,2025-04-14,3,4,2025,1,0,spring
118,Piala,Aksesoris,2025-04-14,2,4,2025,1,0,spring
94,"Jersey Mills",Pakaian,2025-04-14,1,4,2025,1,0,spring
97,"Sepatu Futsal LS Reborn",Sepatu,2025-04-14,3,4,2025,1,0,spring
93,"Kaos Kaki Avo",Aksesoris,2025-04-15,2,4,2025,2,0,spring
95,"Tali Sepatu KipzKapz",Aksesoris,2025-04-15,1,4,2025,2,0,spring
118,Piala,Aksesoris,2025-04-15,3,4,2025,2,0,spring
111,"Bola Basket Spalding TF-150",Peralatan,2025-04-15,2,4,2025,2,0,spring
97,"Sepatu Futsal LS Reborn",Sepatu,2025-05-01,1,5,2025,4,0,spring
93,"Kaos Kaki Avo",Aksesoris,2025-05-01,2,5,2025,4,0,spring
96,"Bola Futsal Specs Mador",Peralatan,2025-05-01,1,5,2025,4,0,spring
100,"Raket Badminton Yonex Astrox 99",Peralatan,2025-05-01,1,5,2025,4,0,spring
104,"Baju Lari Nike Dri-Fit",Pakaian,2025-05-01,1,5,2025,4,0,spring
94,"Jersey Mills",Pakaian,2025-05-01,1,5,2025,4,0,spring
101,"Shuttlecock Li-Ning A+300",Peralatan,2025-05-01,2,5,2025,4,0,spring
120,"Kacamata Renang Speedo Fastskin",Peralatan,2025-05-02,1,5,2025,5,0,spring
103,"Dekker Pelindung Kaki Nike Charge",Aksesoris,2025-05-02,1,5,2025,5,0,spring
114,"Sarung Tangan Kiper Specs Illuzion",Aksesoris,2025-05-02,1,5,2025,5,0,spring
102,"Grip Raket Victor GR200",Aksesoris,2025-05-02,4,5,2025,5,0,spring
110,"Tas Raket Lining",Aksesoris,2025-05-02,1,5,2025,5,0,spring
94,"Jersey Mills",Pakaian,2025-05-03,1,5,2025,6,1,spring
99,"Topi Lari Adidas Aeroready",Aksesoris,2025-05-03,1,5,2025,6,1,spring
105,"Botol Minum Eiger Hydro",Aksesoris,2025-05-03,1,5,2025,6,1,spring
93,"Kaos Kaki Avo",Aksesoris,2025-05-04,3,5,2025,0,1,spring
94,"Jersey Mills",Pakaian,2025-05-04,1,5,2025,0,1,spring
95,"Tali Sepatu KipzKapz",Aksesoris,2025-05-04,1,5,2025,0,1,spring
97,"Sepatu Futsal LS Reborn",Sepatu,2025-05-05,1,5,2025,1,0,spring
94,"Jersey Mills",Pakaian,2025-05-05,1,5,2025,1,0,spring
98,"Sepatu Lari Mills",Sepatu,2025-05-06,1,5,2025,2,0,spring
92,"Sepatu Bola Ortus",Sepatu,2025-05-06,1,5,2025,2,0,spring
94,"Jersey Mills",Pakaian,2025-05-06,1,5,2025,2,0,spring
98,"Sepatu Lari Mills",Sepatu,2025-05-07,1,5,2025,3,0,spring
93,"Kaos Kaki Avo",Aksesoris,2025-05-07,2,5,2025,3,0,spring
92,"Sepatu Bola Ortus",Sepatu,2025-05-08,1,5,2025,4,0,spring
94,"Jersey Mills",Pakaian,2025-05-08,1,5,2025,4,0,spring
98,"Sepatu Lari Mills",Sepatu,2025-05-09,1,5,2025,5,0,spring
95,"Tali Sepatu KipzKapz",Aksesoris,2025-05-09,2,5,2025,5,0,spring
98,"Sepatu Lari Mills",Sepatu,2025-05-10,1,5,2025,6,1,spring
95,"Tali Sepatu KipzKapz",Aksesoris,2025-05-11,2,5,2025,0,1,spring
98,"Sepatu Lari Mills",Sepatu,2025-05-12,1,5,2025,1,0,spring
92,"Sepatu Bola Ortus",Sepatu,2025-05-12,1,5,2025,1,0,spring
94,"Jersey Mills",Pakaian,2025-05-13,1,5,2025,2,0,spring
93,"Kaos Kaki Avo",Aksesoris,2025-05-13,2,5,2025,2,0,spring
92,"Sepatu Bola Ortus",Sepatu,2025-05-14,1,5,2025,3,0,spring
98,"Sepatu Lari Mills",Sepatu,2025-05-14,1,5,2025,3,0,spring
93,"Kaos Kaki Avo",Aksesoris,2025-05-15,3,5,2025,4,0,spring
92,"Sepatu Bola Ortus",Sepatu,2025-05-15,1,5,2025,4,0,spring
98,"Sepatu Lari Mills",Sepatu,2025-05-16,1,5,2025,5,0,spring
93,"Kaos Kaki Avo",Aksesoris,2025-05-17,2,5,2025,6,1,spring
98,"Sepatu Lari Mills",Sepatu,2025-05-17,1,5,2025,6,1,spring
95,"Tali Sepatu KipzKapz",Aksesoris,2025-05-18,1,5,2025,0,1,spring
94,"Jersey Mills",Pakaian,2025-05-18,2,5,2025,0,1,spring
93,"Kaos Kaki Avo",Aksesoris,2025-05-19,3,5,2025,1,0,spring
92,"Sepatu Bola Ortus",Sepatu,2025-05-19,1,5,2025,1,0,spring
92,"Sepatu Bola Ortus",Sepatu,2025-05-20,1,5,2025,2,0,spring
97,"Sepatu Futsal LS Reborn",Sepatu,2025-05-21,1,5,2025,3,0,spring
98,"Sepatu Lari Mills",Sepatu,2025-05-22,1,5,2025,4,0,spring
94,"Jersey Mills",Pakaian,2025-05-23,1,5,2025,5,0,spring
98,"Sepatu Lari Mills",Sepatu,2025-05-24,1,5,2025,6,1,spring
98,"Sepatu Lari Mills",Sepatu,2025-05-25,1,5,2025,0,1,spring
92,"Sepatu Bola Ortus",Sepatu,2025-05-26,1,5,2025,1,0,spring
98,"Sepatu Lari Mills",Sepatu,2025-05-27,1,5,2025,2,0,spring
94,"Jersey Mills",Pakaian,2025-05-28,1,5,2025,3,0,spring
95,"Tali Sepatu KipzKapz",Aksesoris,2025-05-29,2,5,2025,4,0,spring
94,"Jersey Mills",Pakaian,2025-05-30,1,5,2025,5,0,spring
92,"Sepatu Bola Ortus",Sepatu,2025-05-30,1,5,2025,5,0,spring
94,"Jersey Mills",Pakaian,2025-05-31,1,5,2025,6,1,spring
97,"Sepatu Futsal LS Reborn",Sepatu,2025-05-31,1,5,2025,6,1,spring
92,"Sepatu Bola Ortus",Sepatu,2025-06-01,1,6,2025,0,1,summer
93,"Kaos Kaki Avo",Aksesoris,2025-06-01,2,6,2025,0,1,summer
94,"Jersey Mills",Pakaian,2025-06-01,1,6,2025,0,1,summer
95,"Tali Sepatu KipzKapz",Aksesoris,2025-06-01,2,6,2025,0,1,summer
100,"Raket Badminton Yonex Astrox 99",Peralatan,2025-06-01,1,6,2025,0,1,summer
98,"Sepatu Lari Mills",Sepatu,2025-06-02,1,6,2025,1,0,summer
106,"Celana Bola Adidas Squadra",Pakaian,2025-06-02,1,6,2025,1,0,summer
101,"Shuttlecock Li-Ning A+300",Peralatan,2025-06-02,3,6,2025,1,0,summer
93,"Kaos Kaki Avo",Aksesoris,2025-06-02,2,6,2025,1,0,summer
97,"Sepatu Futsal LS Reborn",Sepatu,2025-06-03,1,6,2025,2,0,summer
103,"Dekker Pelindung Kaki Nike Charge",Aksesoris,2025-06-03,1,6,2025,2,0,summer
93,"Kaos Kaki Avo",Aksesoris,2025-06-03,3,6,2025,2,0,summer
94,"Jersey Mills",Pakaian,2025-06-04,1,6,2025,3,0,summer
95,"Tali Sepatu KipzKapz",Aksesoris,2025-06-04,1,6,2025,3,0,summer
114,"Sarung Tangan Kiper Specs Illuzion",Aksesoris,2025-06-05,1,6,2025,4,0,summer
102,"Grip Raket Victor GR200",Aksesoris,2025-06-05,3,6,2025,4,0,summer
98,"Sepatu Lari Mills",Sepatu,2025-06-06,1,6,2025,5,0,summer
95,"Tali Sepatu KipzKapz",Aksesoris,2025-06-06,2,6,2025,5,0,summer
94,"Jersey Mills",Pakaian,2025-06-07,2,6,2025,6,1,summer
92,"Sepatu Bola Ortus",Sepatu,2025-06-07,1,6,2025,6,1,summer
93,"Kaos Kaki Avo",Aksesoris,2025-06-08,3,6,2025,0,1,summer
98,"Sepatu Lari Mills",Sepatu,2025-06-08,1,6,2025,0,1,summer
95,"Tali Sepatu KipzKapz",Aksesoris,2025-06-09,2,6,2025,1,0,summer
94,"Jersey Mills",Pakaian,2025-06-09,1,6,2025,1,0,summer
92,"Sepatu Bola Ortus",Sepatu,2025-06-10,1,6,2025,2,0,summer
93,"Kaos Kaki Avo",Aksesoris,2025-06-10,2,6,2025,2,0,summer
97,"Sepatu Futsal LS Reborn",Sepatu,2025-06-11,1,6,2025,3,0,summer
121,"Dumbbell Set 2kg Agnite",Peralatan,2025-06-11,1,6,2025,3,0,summer
104,"Baju Lari Nike Dri-Fit",Pakaian,2025-06-12,1,6,2025,4,0,summer
93,"Kaos Kaki Avo",Aksesoris,2025-06-12,3,6,2025,4,0,summer
120,"Kacamata Renang Speedo Fastskin",Peralatan,2025-06-13,1,6,2025,5,0,summer
101,"Shuttlecock Li-Ning A+300",Peralatan,2025-06-13,2,6,2025,5,0,summer
103,"Dekker Pelindung Kaki Nike Charge",Aksesoris,2025-06-14,1,6,2025,6,1,summer
94,"Jersey Mills",Pakaian,2025-06-14,1,6,2025,6,1,summer
114,"Sarung Tangan Kiper Specs Illuzion",Aksesoris,2025-06-15,1,6,2025,0,1,summer
95,"Tali Sepatu KipzKapz",Aksesoris,2025-06-15,2,6,2025,0,1,summer
110,"Tas Raket Lining",Aksesoris,2025-06-16,1,6,2025,1,0,summer
99,"Topi Lari Adidas Aeroready",Aksesoris,2025-06-16,1,6,2025,1,0,summer
105,"Botol Minum Eiger Hydro",Aksesoris,2025-06-17,1,6,2025,2,0,summer
94,"Jersey Mills",Pakaian,2025-06-17,2,6,2025,2,0,summer
107,"Handuk Mikrofiber Nabaiji",Aksesoris,2025-06-18,2,6,2025,3,0,summer
118,Piala,Aksesoris,2025-06-18,5,6,2025,3,0,summer
119,"Baju Renang Arena Carbon-Glide",Pakaian,2025-06-19,1,6,2025,4,0,summer
93,"Kaos Kaki Avo",Aksesoris,2025-06-19,4,6,2025,4,0,summer
94,"Jersey Mills",Pakaian,2025-06-20,1,6,2025,5,0,summer
97,"Sepatu Futsal LS Reborn",Sepatu,2025-06-20,1,6,2025,5,0,summer
92,"Sepatu Bola Ortus",Sepatu,2025-06-21,1,6,2025,6,1,summer
95,"Tali Sepatu KipzKapz",Aksesoris,2025-06-21,2,6,2025,6,1,summer
98,"Sepatu Lari Mills",Sepatu,2025-06-22,1,6,2025,0,1,summer
93,"Kaos Kaki Avo",Aksesoris,2025-06-23,3,6,2025,1,0,summer
95,"Tali Sepatu KipzKapz",Aksesoris,2025-06-24,1,6,2025,2,0,summer
92,"Sepatu Bola Ortus",Sepatu,2025-06-25,1,6,2025,3,0,summer
94,"Jersey Mills",Pakaian,2025-06-26,2,6,2025,4,0,summer
97,"Sepatu Futsal LS Reborn",Sepatu,2025-06-27,1,6,2025,5,0,summer
98,"Sepatu Lari Mills",Sepatu,2025-06-28,1,6,2025,6,1,summer
93,"Kaos Kaki Avo",Aksesoris,2025-06-29,4,6,2025,0,1,summer
98,"Sepatu Lari Mills",Sepatu,2025-06-30,1,6,2025,1,0,summer
94,"Jersey Mills",Pakaian,2025-06-30,1,6,2025,1,0,summer
98,"Sepatu Lari Mills",Sepatu,2025-07-01,1,7,2025,2,0,summer
94,"Jersey Mills",Pakaian,2025-07-01,1,7,2025,2,0,summer
104,"Baju Lari Nike Dri-Fit",Pakaian,2025-07-01,1,7,2025,2,0,summer
106,"Celana Bola Adidas Squadra",Pakaian,2025-07-01,1,7,2025,2,0,summer
93,"Kaos Kaki Avo",Aksesoris,2025-07-01,3,7,2025,2,0,summer
97,"Sepatu Futsal LS Reborn",Sepatu,2025-07-02,1,7,2025,3,0,summer
100,"Raket Badminton Yonex Astrox 99",Peralatan,2025-07-02,1,7,2025,3,0,summer
93,"Kaos Kaki Avo",Aksesoris,2025-07-02,2,7,2025,3,0,summer
95,"Tali Sepatu KipzKapz",Aksesoris,2025-07-02,1,7,2025,3,0,summer
101,"Shuttlecock Li-Ning A+300",Peralatan,2025-07-03,3,7,2025,4,0,summer
92,"Sepatu Bola Ortus",Sepatu,2025-07-03,1,7,2025,4,0,summer
109,"Sepatu Badminton Victor A970",Sepatu,2025-07-03,1,7,2025,4,0,summer
93,"Kaos Kaki Avo",Aksesoris,2025-07-03,2,7,2025,4,0,summer
94,"Jersey Mills",Pakaian,2025-07-04,1,7,2025,5,0,summer
95,"Tali Sepatu KipzKapz",Aksesoris,2025-07-04,1,7,2025,5,0,summer
98,"Sepatu Lari Mills",Sepatu,2025-07-04,1,7,2025,5,0,summer
120,"Kacamata Renang Speedo Fastskin",Peralatan,2025-07-05,1,7,2025,6,1,summer
103,"Dekker Pelindung Kaki Nike Charge",Aksesoris,2025-07-05,1,7,2025,6,1,summer
102,"Grip Raket Victor GR200",Aksesoris,2025-07-05,3,7,2025,6,1,summer
114,"Sarung Tangan Kiper Specs Illuzion",Aksesoris,2025-07-05,1,7,2025,6,1,summer
122,"Tas Gym Under Armour",Aksesoris,2025-07-06,1,7,2025,0,1,summer
94,"Jersey Mills",Pakaian,2025-07-06,1,7,2025,0,1,summer
92,"Sepatu Bola Ortus",Sepatu,2025-07-07,1,7,2025,1,0,summer
93,"Kaos Kaki Avo",Aksesoris,2025-07-07,2,7,2025,1,0,summer
123,"Botol Shaker Herbalife",Aksesoris,2025-07-08,2,7,2025,2,0,summer
97,"Sepatu Futsal LS Reborn",Sepatu,2025-07-08,1,7,2025,2,0,summer
98,"Sepatu Lari Mills",Sepatu,2025-07-09,1,7,2025,3,0,summer
124,"Gelang Keringat Nike",Aksesoris,2025-07-09,4,7,2025,3,0,summer
94,"Jersey Mills",Pakaian,2025-07-10,1,7,2025,4,0,summer
92,"Sepatu Bola Ortus",Sepatu,2025-07-10,1,7,2025,4,0,summer
125,"Piala Kejuaraan",Aksesoris,2025-07-11,5,7,2025,5,0,summer
93,"Kaos Kaki Avo",Aksesoris,2025-07-11,3,7,2025,5,0,summer
126,"Tali Skipping Kettler",Peralatan,2025-07-12,1,7,2025,6,1,summer
94,"Jersey Mills",Pakaian,2025-07-12,1,7,2025,6,1,summer
127,"Pelindung Siku (Elbow Pad)",Aksesoris,2025-07-13,2,7,2025,0,1,summer
93,"Kaos Kaki Avo",Aksesoris,2025-07-13,2,7,2025,0,1,summer
97,"Sepatu Futsal LS Reborn",Sepatu,2025-07-14,1,7,2025,1,0,summer
95,"Tali Sepatu KipzKapz",Aksesoris,2025-07-14,1,7,2025,1,0,summer
94,"Jersey Mills",Pakaian,2025-07-15,1,7,2025,2,0,summer
108,"Pompa Bola Tiento",Peralatan,2025-07-15,1,7,2025,2,0,summer
128,"Bola Basket Molten",Peralatan,2025-07-16,1,7,2025,3,0,summer
93,"Kaos Kaki Avo",Aksesoris,2025-07-16,3,7,2025,3,0,summer
98,"Sepatu Lari Mills",Sepatu,2025-07-17,1,7,2025,4,0,summer
92,"Sepatu Bola Ortus",Sepatu,2025-07-17,1,7,2025,4,0,summer
93,"Kaos Kaki Avo",Aksesoris,2025-07-18,2,7,2025,5,0,summer
98,"Sepatu Lari Mills",Sepatu,2025-07-18,1,7,2025,5,0,summer
92,"Sepatu Bola Ortus",Sepatu,2025-07-19,1,7,2025,6,1,summer
95,"Tali Sepatu KipzKapz",Aksesoris,2025-07-19,1,7,2025,6,1,summer
93,"Kaos Kaki Avo",Aksesoris,2025-07-20,2,7,2025,0,1,summer
92,"Sepatu Bola Ortus",Sepatu,2025-07-20,1,7,2025,0,1,summer
98,"Sepatu Lari Mills",Sepatu,2025-07-21,1,7,2025,1,0,summer
97,"Sepatu Futsal LS Reborn",Sepatu,2025-07-21,1,7,2025,1,0,summer
129,"Yoga Block Cor-Fit",Peralatan,2025-07-22,2,7,2025,2,0,summer
93,"Kaos Kaki Avo",Aksesoris,2025-07-22,3,7,2025,2,0,summer
92,"Sepatu Bola Ortus",Sepatu,2025-07-23,1,7,2025,3,0,summer
95,"Tali Sepatu KipzKapz",Aksesoris,2025-07-23,2,7,2025,3,0,summer
94,"Jersey Mills",Pakaian,2025-07-24,1,7,2025,4,0,summer
98,"Sepatu Lari Mills",Sepatu,2025-07-24,1,7,2025,4,0,summer
95,"Tali Sepatu KipzKapz",Aksesoris,2025-07-25,1,7,2025,5,0,summer
93,"Kaos Kaki Avo",Aksesoris,2025-07-25,2,7,2025,5,0,summer
125,"Piala Kejuaraan",Aksesoris,2025-07-26,4,7,2025,6,1,summer
97,"Sepatu Futsal LS Reborn",Sepatu,2025-07-26,1,7,2025,6,1,summer
94,"Jersey Mills",Pakaian,2025-07-27,1,7,2025,0,1,summer
93,"Kaos Kaki Avo",Aksesoris,2025-07-27,3,7,2025,0,1,summer
92,"Sepatu Bola Ortus",Sepatu,2025-07-28,1,7,2025,1,0,summer
95,"Tali Sepatu KipzKapz",Aksesoris,2025-07-28,1,7,2025,1,0,summer
98,"Sepatu Lari Mills",Sepatu,2025-07-29,1,7,2025,2,0,summer
94,"Jersey Mills",Pakaian,2025-07-29,1,7,2025,2,0,summer
93,"Kaos Kaki Avo",Aksesoris,2025-07-30,2,7,2025,3,0,summer
108,"Pompa Bola Tiento",Peralatan,2025-07-30,1,7,2025,3,0,summer
95,"Tali Sepatu KipzKapz",Aksesoris,2025-07-31,1,7,2025,4,0,summer
94,"Jersey Mills",Pakaian,2025-07-31,1,7,2025,4,0,summer
